{"eval/loss": 0.059349220246076584, "eval/runtime": 11.0763, "eval/samples_per_second": 14.536, "eval/steps_per_second": 1.896, "train/epoch": 3.0, "train/global_step": 240, "_timestamp": 1714529713.9623206, "_runtime": 379.0516586303711, "_step": 3, "train_runtime": 379.0917, "train_samples_per_second": 5.065, "train_steps_per_second": 0.633, "total_flos": 1169199149875200.0, "train_loss": 0.2570006847381592, "_wandb": {"runtime": 382}}